billin_address_line1,billin_city,billin_state
ahmedabad,bokhira,rajasthan
rajkot,kaliyabid,rajasthan
rajkot,chaaya,punjab
surat,kaliyabid,punjab
jamnagar,chaaya,rajasthan
surat,bokhira,gujarat
surat,bokhira,rajasthan
surat,kaliyabid,maharastra
surat,bokhira,rajasthan
jamnagar,shyamal,gujarat
rajkot,kaliyabid,gujarat
ahmedabad,bokhira,gujarat
ahmedabad,shyamal,rajasthan
rajkot,chaaya,rajasthan
jamnagar,shyamal,rajasthan
jamnagar,kaliyabid,gujarat
ahmedabad,kaliyabid,gujarat
surat,chaaya,maharastra
rajkot,chaaya,maharastra
ahmedabad,shyamal,maharastra
jamnagar,kaliyabid,gujarat
ahmedabad,kaliyabid,rajasthan
ahmedabad,kaliyabid,gujarat
rajkot,shyamal,gujarat
rajkot,shyamal,maharastra
ahmedabad,chaaya,maharastra
jamnagar,bokhira,maharastra
rajkot,kaliyabid,punjab
ahmedabad,bokhira,gujarat
ahmedabad,chaaya,punjab
rajkot,chaaya,maharastra
rajkot,bokhira,maharastra
jamnagar,kaliyabid,maharastra
ahmedabad,bokhira,punjab
ahmedabad,shyamal,maharastra
ahmedabad,kaliyabid,gujarat
jamnagar,chaaya,punjab
ahmedabad,bokhira,gujarat
surat,shyamal,maharastra
rajkot,bokhira,maharastra
rajkot,kaliyabid,gujarat
ahmedabad,chaaya,maharastra
surat,bokhira,rajasthan
rajkot,kaliyabid,rajasthan
jamnagar,shyamal,punjab
jamnagar,kaliyabid,punjab
jamnagar,shyamal,gujarat
ahmedabad,shyamal,gujarat
surat,bokhira,maharastra
jamnagar,bokhira,punjab
surat,bokhira,maharastra
surat,chaaya,rajasthan
rajkot,shyamal,rajasthan
ahmedabad,bokhira,rajasthan
rajkot,bokhira,gujarat
surat,chaaya,punjab
jamnagar,bokhira,maharastra
surat,kaliyabid,gujarat
ahmedabad,bokhira,maharastra
rajkot,shyamal,punjab
jamnagar,chaaya,punjab
jamnagar,bokhira,rajasthan
ahmedabad,bokhira,punjab
surat,bokhira,gujarat
rajkot,bokhira,rajasthan
ahmedabad,bokhira,maharastra
ahmedabad,shyamal,gujarat
surat,chaaya,maharastra
ahmedabad,bokhira,gujarat
surat,bokhira,punjab
ahmedabad,chaaya,maharastra
jamnagar,chaaya,punjab
surat,kaliyabid,maharastra
jamnagar,bokhira,gujarat
ahmedabad,shyamal,rajasthan
surat,shyamal,gujarat
ahmedabad,chaaya,rajasthan
surat,shyamal,gujarat
ahmedabad,kaliyabid,punjab
surat,chaaya,punjab
surat,kaliyabid,gujarat
ahmedabad,bokhira,maharastra
jamnagar,shyamal,maharastra
rajkot,shyamal,gujarat
rajkot,kaliyabid,maharastra
ahmedabad,kaliyabid,punjab
rajkot,shyamal,gujarat
jamnagar,chaaya,punjab
rajkot,bokhira,punjab
ahmedabad,chaaya,rajasthan
ahmedabad,shyamal,rajasthan
surat,shyamal,gujarat
ahmedabad,shyamal,gujarat
surat,bokhira,punjab
surat,bokhira,rajasthan
rajkot,shyamal,gujarat
rajkot,shyamal,maharastra
ahmedabad,shyamal,rajasthan
jamnagar,chaaya,gujarat
surat,bokhira,rajasthan
