ship_address_line1,ship_city,ship_state
bokhira,jamnagar,delhi
bokhira,jamnagar,delhi
bokhira,rajkot,delhi
bokhira,jamnagar,karnatak
kaliyabid,ahmedabad,punjab
sagwadi,surat,karnatak
sagwadi,rajkot,punjab
shyamal,rajkot,rajasthan
sagwadi,ahmedabad,karnatak
sagwadi,jamnagar,rajasthan
bokhira,rajkot,delhi
shyamal,rajkot,punjab
kaliyabid,surat,punjab
shyamal,rajkot,rajasthan
shyamal,ahmedabad,punjab
kaliyabid,rajkot,punjab
bokhira,ahmedabad,karnatak
bokhira,jamnagar,delhi
sagwadi,surat,karnatak
sagwadi,rajkot,punjab
kaliyabid,ahmedabad,punjab
shyamal,jamnagar,punjab
sagwadi,rajkot,rajasthan
bokhira,surat,punjab
shyamal,surat,punjab
kaliyabid,ahmedabad,karnatak
shyamal,ahmedabad,karnatak
kaliyabid,rajkot,rajasthan
shyamal,surat,delhi
kaliyabid,surat,punjab
shyamal,jamnagar,delhi
bokhira,ahmedabad,rajasthan
shyamal,surat,punjab
shyamal,surat,punjab
sagwadi,surat,delhi
bokhira,ahmedabad,karnatak
bokhira,surat,karnatak
sagwadi,jamnagar,punjab
kaliyabid,rajkot,karnatak
kaliyabid,jamnagar,delhi
kaliyabid,ahmedabad,rajasthan
bokhira,rajkot,delhi
shyamal,rajkot,karnatak
sagwadi,rajkot,punjab
shyamal,jamnagar,rajasthan
shyamal,ahmedabad,rajasthan
kaliyabid,jamnagar,rajasthan
bokhira,rajkot,punjab
kaliyabid,jamnagar,rajasthan
shyamal,jamnagar,karnatak
shyamal,jamnagar,karnatak
sagwadi,rajkot,delhi
bokhira,surat,rajasthan
bokhira,jamnagar,karnatak
shyamal,jamnagar,punjab
kaliyabid,rajkot,punjab
bokhira,surat,punjab
sagwadi,ahmedabad,punjab
shyamal,surat,punjab
bokhira,rajkot,punjab
shyamal,jamnagar,karnatak
bokhira,ahmedabad,rajasthan
bokhira,rajkot,rajasthan
bokhira,surat,karnatak
kaliyabid,surat,delhi
bokhira,surat,karnatak
shyamal,rajkot,rajasthan
kaliyabid,jamnagar,delhi
bokhira,ahmedabad,rajasthan
kaliyabid,rajkot,delhi
kaliyabid,surat,delhi
sagwadi,ahmedabad,karnatak
shyamal,surat,punjab
kaliyabid,jamnagar,delhi
sagwadi,surat,delhi
sagwadi,surat,delhi
shyamal,surat,rajasthan
kaliyabid,rajkot,delhi
kaliyabid,ahmedabad,rajasthan
kaliyabid,rajkot,delhi
kaliyabid,surat,rajasthan
kaliyabid,surat,karnatak
sagwadi,surat,delhi
shyamal,ahmedabad,karnatak
shyamal,rajkot,punjab
shyamal,ahmedabad,karnatak
bokhira,rajkot,karnatak
shyamal,rajkot,delhi
shyamal,rajkot,rajasthan
shyamal,surat,rajasthan
sagwadi,surat,rajasthan
kaliyabid,jamnagar,rajasthan
kaliyabid,surat,punjab
bokhira,jamnagar,delhi
shyamal,rajkot,karnatak
sagwadi,rajkot,delhi
kaliyabid,surat,rajasthan
kaliyabid,surat,rajasthan
sagwadi,rajkot,karnatak
kaliyabid,jamnagar,punjab
